name,img
Baba Yaga Keypora,baba-yaga-keypora.jpg
Dementor Keypora,dementor-keypora.jpg
Kycpora Keypora,kycpora-keypora.jpg
Opal Gleam Keypora,opal-gleam-keypora.jpg
Strawberry Milkshake Keypora,strawberry-milkshake-keypora.jpg
Cyan Phantasmagoria Keypora,cyan-phantasmagoria-keypora.jpg
Toxic Mangosteen Keypora,toxic-mangosteen-keypora.jpg
Hash Slinging Slasher Keypora,hash-slinging-slasher-keypora.jpg
Venom Keypora,venom-keypora.jpg
Lasik Keypora,lasik-keypora.jpg
Pirate Black Keypora,pirate-black-keypora.jpg
Cotton Candy Keypora,cotton-candy-keypora.jpg
Kaonashi Keypora,kaonashi-keypora.jpg
HFO Grey Keypora,hfo-grey-keypora.jpg
HFO Off White Keypora,hfo-off-white-keypora.jpg
Infected Tang Keypora,infected-tang-keypora.jpg
Leaf Ninja Keypora,leaf-ninja-keypora.jpg
Chocobo Keypora,chocobo-keypora.jpg
Photon Keypora,photon-keypora.jpg
Diamond Nova Keypora,diamond-nova-keypora.jpg
South Beach Keypora,south-beach-keypora.jpg
Desert Camo Keypora,desert-camo-keypora.jpg
Mojito Keypora,mojito-keypora.jpg
Kratos Keypora,kratos-keypora.jpg
HFO Purple Keypora,hfo-purple-keypora.jpg
Three O Five Keypora,three-o-five-keypora.jpg
Ice Ghoul Keypora,ice-ghoul-keypora.jpg
EVA-01 Keypora,eva-01-keypora.jpg
Schoonover Dark Keypora,schoonover-dark-keypora.jpg
Haemolacria Keypora,haemolacria-keypora.jpg
Sinaloa Cartel Keypora,sinaloa-cartel-keypora.jpg
Mauve Keypora,mauve-keypora.jpg
Undefeated Keypora,undefeated-keypora.jpg
Thundercloud Keypora,thundercloud-keypora.jpg
Shinobi Keypora,shinobi-keypora.jpg
HFO Cyan Keypora,hfo-cyan-keypora.jpg
El Dorado Keypora,el-dorado-keypora.jpg
Leaf Ghoul Keypora,leaf-ghoul-keypora.jpg
Nebulae Keypora,nebulae-keypora.jpg
Schoonover Light Keypora,schoonover-light-keypora.jpg
Livi Keypora,livi-keypora.jpg
Oyoroi Keypora,oyoroi-keypora.jpeg
Penambang Keypora,penambang-keypora.jpg
Mewek Boi Keypora,mewek-boi-keypora.jpg
Cendol Keypora,cendol-keypora.jpg
Angsle Keypora,angsle-keypora.jpg
Inertia Keypora,inertia-keypora.jpg
Lovecraft Keypora,lovecraft-keypora.jpg
Hendrix Keypora,hendrix-keypora.jpg
Metropolitan Keypora,metropolitan-keypora.jpg
Hacker Keypora,hacker-keypora.jpg
9009 Beige Keypora,9009-beige-keypora.jpg
9009 Peach Keypora,9009-peach-keypora.jpg
9009 Sage Keypora,9009-sage-keypora.jpg
Aquanaut Keypora,aquanaut-keypora.jpg
Neptune Keypora,neptune-keypora.jpg
Mega Gyarados Keypora,mega-gyarados-keypora.jpg
Nutpack Keypora,nutpack-keypora.jpg
HFO Trifecta Keypora,hfo-trifecta-keypora.jpg
Multinational Conglomerate Keypora,multinational-conglomerate-keypora.jpg
Gembeng Boi Keypora,gembeng-boi-keypora.jpg
Piplup Keypora,piplup-keypora.jpg
Mr Mime Keypora,mr-mime-keypora.jpg
Magikarp Keypora,magikarp-keypora.jpg
Gengar Keypora,gengar-keypora.jpg
Moltress Keypora,moltress-keypora.jpg
Noctowl Keypora,noctowl-keypora.jpg
Watermelon Keypora,watermelon-keypora.jpg
Serena Keypora,serena-keypora.jpg
Teaplup Keypora,teaplup-keypora.JPG
Nuka Splat Keypora,nuka-splat-keypora.JPG
Neon Visor Keypora,neon-visor-keypora.JPG
Eros Keypora,eros-keypora.jpeg
Kindred Keypora,kindred-keypora.jpeg
Chillwave Keypora,chillwave-keypora.jpg
Anime Propaganda Keypora,anime-propaganda-keypora.jpg
Kill This Love Keypora,kill-this-love-keypora.jpg
Crescent Puss Keypora,crescent-puss-keypora.jpg
Diluted Milk Keypora,diluted-milk-keypora.jpg
Bushido Keypora,bushido-keypora.jpg
Skelecry Keypora,skelecry-keypora.jpg
EVA-00 Keypora,eva-00-keypora.jpg
SNES Keypora,snes-keypora.jpg
Nangis Boi Keypora,nangis-boi-keypora.jpg
Amaririsu Keypora,amaririsu-keypora.jpg
Bleu Dolchy Keypora,bleu-dolchy-keypora.jpg
Sweet Dream Keypora,sweet-dream-keypora.jpg
Prosciutto Keypora,prosciutto-keypora.jpg
Beigedoll Keypora,beigedoll-keypora.jpg
NDP Keypora,ndp-keypora.jpg
Nitropls Keypora,nitropls-keypora.jpg
Hong Qi Keypora,hong-qi-keypora.jpg
Boombayah Keypora,boombayah-keypora.jpg
Batrachotoxin Keypora,batrachotoxin-keypora.jpg
NYK Keypora,nyk-keypora.jpg
Showtime Keypora,showtime-keypora.jpg
Deepsea Keypora,deepsea-keypora.jpg
Lilacio Keypora,lilacio-keypora.jpg
First Love Keypora,first-love-keypora.jpg
Gender Reveal Keypora (Boy),gender-reveal-keypora-boy.jpg
Gender Reveal Keypora (Girl),gender-reveal-keypora-girl.jpg
Coaldoll Keypora,coaldoll-keypora.jpg
Seattle Denim Keypora,seattle-denim-keypora.jpg
Blue Bird Keypora,blue-bird-keypora.jpg
Shadow Glacier Keypora,shadow-glacier-keypora.jpg
Gnatcatcher Keypora,gnatcatcher-keypora.jpg
Faded Sashiko Keypora,faded-sashiko-keypora.jpg
Uncle Sam Keypora,uncle-sam-keypora.jpg
Rainbow Paddle Keypora,rainbow-paddle-keypora.jpg
Tidal Keypora,tidal-keypora.jpeg
Six Greydient Keypora,six-greydient-keypora.jpg
Undead Lavender Keypora,undead-lavender-keypora.jpg
Weed Cha Keypora,weed-cha-keypora.JPG
Alpha Centauri Keypora,alpha-centauri-keypora.JPG
Proxima Centauri Keypora,proxima-centauri-keypora.jpg
Peridot Keypora,peridot-keypora.JPG
Sir McFlurry Keypora,sir-mcflurry-keypora.jpg
Madam McFlurry Keypora,madam-mcflurry-keypora.jpg
Synkodrogo Keypora,synkodrogo-keypora.jpg
Rotten Sunkist Keypora,rotten-sunkist-keypora.jpg
Silver Widow Keypora,silver-widow-keypora.jpg
Harlequin Keypora,harlequin-keypora.jpg
SUPERCOLOR Azure Keypora,supercolor-azure-keypora.jpg
SUPERCOLOR Cerulean Keypora,supercolor-cerulean-keypora.jpg
SUPERCOLOR Shamrock Keypora,supercolor-shamrock-keypora.jpg
SUPERCOLOR Coral Keypora,supercolor-coral-keypora.jpg
SUPERCOLOR Lemon Keypora,supercolor-lemon-keypora.jpg
SUPERCOLOR Conifer Keypora,supercolor-conifer-keypora.jpg
SUPERCOLOR Carnation Keypora,supercolor-carnation-keypora.jpg
SUPERCOLOR Rose Keypora,supercolor-rose-keypora.jpg
SUPERCOLOR Affair Keypora,supercolor-affair-keypora.jpg
SUPERCOLOR Heliotrope Keypora,supercolor-heliotrope-keypora.jpg
Tears of Ra Keypora,tears-of-ra-keypora.jpg
Umbrella Academy Keypora,umbrella-academy-keypora.jpg
Diablo Keypora,diablo-keypora.jpg
TAR-00 Keypora,tar-00-keypora.jpg
Pikachu Keypora,pikachu-keypora.jpg
Sand Ghoul Keypora,sand-ghoul-keypora.jpg
Untitled Goose Keypora,untitled-goose-keypora.jpg
Arthur Flex Keypora,arthur-flex-keypora.jpg
Albinism Keypora,albinism-keypora.jpg
Jack O Lantern Keypora,jack-o-lantern-keypora.jpg
Jack Skellington Keypora,jack-skellington-keypora.jpg
Caffeine Keypora,caffeine-keypora.jpg
Turdpack Keypora,turdpack-keypora.jpg
L Keypora,l-keypora.jpg
Beifong Keypora,beifong-keypora.jpg
Patbingsu Keypora,patbingsu-keypora.jpg
Rastafarian Keypora,rastafarian-keypora.jpg
Inkopolis Keypora,inkopolis-keypora.jpg
Nevermore Keypora,nevermore-keypora.jpg
Galarian Puke Keypora,galarian-puke-keypora.jpg
Bling &amp; Co Keypora,bling-amp-co-keypora.jpg
Ma Nuts Keypora,ma-nuts-keypora.jpg
Bad Guy Keypora,bad-guy-keypora.jpg
Grookey Keypora,grookey-keypora.jpg
Zuko Keypora,zuko-keypora.jpg
Vasilisa Keypora,vasilisa-keypora.jpg
Silver Bullet Keypora,silver-bullet-keypora.jpg
Delta Keypora,delta-keypora.jpg
Eternal Keypora,eternal-keypora.jpg
South Beach Keypora,south-beach-keypora.jpg
Catbus Keypora,catbus-keypora.jpg
Haku Keypora,haku-keypora.JPEG
DMG Catbus Keypora,dmg-catbus-keypora.JPEG
Yami Marik Keypora,yami-marik-keypora.JPEG
Monopoly Keypora,monopoly-keypora.jpg
Rudy Keypora,rudy-keypora.jpg
Angriest Bird Keypora,angriest-bird-keypora.jpg
Ciazenta Keypora,ciazenta-keypora.jpg
Hangry Morpeko Keypora,hangry-morpeko-keypora.jpg
Grinchpora Keypora,grinchpora-keypora.jpg
Straya Keypora,straya-keypora.jpg
Maradona Keypora,maradona-keypora.jpg
Ice Blue Keypora,ice-blue-keypora.jpg
Neon Sucker Keypora,neon-sucker-keypora.jpg
Cyberpunk Keypora,cyberpunk-keypora.jpg
British Racing Keypora,british-racing-keypora.jpg
Strangelove Keypora,strangelove-keypora.jpg
Daffyduck Keypora,daffyduck-keypora.jpg
Pasuteru Keypora,pasuteru-keypora.jpg
Osiris Keypora,osiris-keypora.jpg
Cuprum Keypora,cuprum-keypora.jpg
Teenage Dream Keypora,teenage-dream-keypora.jpg
Moon Shot Keypora,moon-shot-keypora.jpg
Mata Batin Keypora,mata-batin-keypora.jpg
Vulture Keypora,vulture-keypora.jpg
Jason Keypora,jason-keypora.jpg
Buluc Chabtan Keypora,buluc-chabtan-keypora.jpg
Fusion Chain Keypora,fusion-chain-keypora.jpg
Keldor The Lost Keypora,keldor-the-lost-keypora.jpg
Ilboobminati Keypora,ilboobminati-keypora.jpg
Tamago Keypora,tamago-keypora.jpg
Jeet Kune Do Keypora,jeet-kune-do-keypora.jpg
N9-U9 Keypora,n9-u9-keypora.jpg
Hydropower Keypora,hydropower-keypora.jpg
Artificial Taro Keypora,artificial-taro-keypora.jpg
Chuu Totoro Keypora,chuu-totoro-keypora.jpg
Noface Keypora,noface-keypora.JPG
Sugar Rush Keypora,sugar-rush-keypora.jpg
Taegeuk Keypora,taegeuk-keypora.jpg
“Arizona Meetup” Keypora,arizona-meetup-keypora.png
Ice King Keypora,ice-king-keypora.jpg
Claydoll Keypora,claydoll-keypora.jpeg
White Hat Keypora,white-hat-keypora.jpg
Wavelength Keypora,wavelength-keypora.jpg
Tears of Enlightenment Keypora,tears-of-enlightenment-keypora.jpg
Son of a Beige Keypora,son-of-a-beige-keypora.jpg
Geekhack Keypora,geekhack-keypora.jpeg
Milk V Keypora,milk-v-keypora.jpg
J-01 Keypora,j-01-keypora.jpg
Jurong Keypora,jurong-keypora.jpg
D’va Keypora,d-va-keypora.jpg
300 PSI Keypora,300-psi-keypora.jpg
Kawaiipora Keypora,kawaiipora-keypora.jpg
Bunnings Keypora,bunnings-keypora.jpg
Montage Keypora,montage-keypora.jpg
Maple Leaf Keypora,maple-leaf-keypora.jpg
Tycho Keypora,tycho-keypora.jpg
Tears of Dolla Keypora,tears-of-dolla-keypora.jpg
Inverse NoFace Keypora,inverse-noface-keypora.jpg
Hedwig Keypora,hedwig-keypora.jpg
Manbat Keypora,manbat-keypora.jpg
Mounting Dread Keypora,mounting-dread-keypora.jpg
Dot Matrix Keypora,dot-matrix-keypora.jpg
Si Terong Keypora,si-terong-keypora.jpg
Paymate Keypora,paymate-keypora.jpg
Teh Tarik Keypora,teh-tarik-keypora.jpg
Millionaire Keypora,millionaire-keypora.jpg
Invoice Cancelled Keypora,invoice-cancelled-keypora.jpg
